<?xml version="1.0" encoding="utf-8"?>
<!DOCTYPE hibernate-configuration SYSTEM 
"http://www.hibernate.org/dtd/hibernate-configuration-3.0.dtd">

<hibernate-configuration>
	<session-factory>
		<property name="hibernate.dialect">
			org.hibernate.dialect.MySQLDialect
		</property>
		<property name="hibernate.connection.driver_class">
			com.mysql.cj.jdbc.Driver
		</property>

		<!-- Assume test is the database name -->
		<property name="hibernate.connection.url">
			jdbc:mysql://localhost:3306/docs?useUnicode=true&amp;useJDBCCompliantTimezoneShift=true&amp;useLegacyDatetimeCode=false&amp;serverTimezone=UTC
		</property>
		<property name="hibernate.connection.username">
			root
		</property>
		<property name="hibernate.connection.password"></property>
		
		<property name="hibernate.current_session_context_class">thread</property>

		<mapping class="pl.wt.docs.model.Role"/>
		<mapping class="pl.wt.docs.model.User"/>
		<mapping class="pl.wt.docs.model.Document"/>

	</session-factory>
</hibernate-configuration>